Workbook

Sheet COMANDOS BÁSICOS
A1: NOMBRE | B1: VALOR 1 | C1: VALOR 2 | D1: VALOR 3 | E1: TIPO | F1: ALCANCE | G1: COSTE CH | H1: RANGO | I1: SELLOS | J1: Nombre + roleo | K1: Efectos
A2: *Lanzar Kunai | B2: =-((#REF!)*0.4)+((#REF!*100)*0.4) -> #REF! | E2: Ofensivo | F2: Alcance 4 | G2: 0 CH | H2: D | I2: No
A3: *Lanzar Kunai + Kibakufuuda | B3: =-((((#REF!)*0.4)+((#REF!*100)*0.4))+#REF!) -> #REF! | E3: Ofensivo | F3: Alcance 4 | G3: 0 CH | H3: D | I3: No
A4: *Atacar con arma | B4: =-((#REF!*0.4)+((#REF!*100)*0.4)) -> #REF! | E4: Ofensivo | F4: Alcance 1 | G4: 0 CH | H4: D | I4: No | J4: *Atacar con [Arma] [0CH] | K4: / OF / A4 / -228
A5: *Bloquear | B5: =-((#REF! *100)*0.8) -> #REF! | E5: Defensivo | F5: Propio | G5: 0 CH | H5: D | I5: No | J5: *Bloquear [0CH] | K5: / OF / Propio / Reduce 160 daño
A6: *Bloquear con arma | B6: =-(((#REF!)*0.4)+((#REF!*100)*0.4)) -> #REF! | E6: Defensivo | F6: Propio | G6: 0 CH | H6: D | I6: No
A7: *Atacar | B7: =-((#REF! *100)*0.8) -> #REF! | E7: Ofensivo | F7: Alcance 4 | G7: 0 CH | H7: D | I7: No | J7: *Atacar [0CH] | K7: / OF / A4 / -160
A8: *Evadir | E8: Defensivo - Evasión | F8: Propio | G8: 30 CH | H8: D | I8: No | J8: *Evadir [20CH] *Me muevo con un movimiento ágil
A9: *Equipar/Desequipar Arma | E9: Suplementario | F9: Propio | G9: 0 CH | H9: D | I9: No
A10: *Huir | E10: Suplementario | F10: Propio | G10: 0 CH | H10: D | I10: No | J10: *Huir [0CH] / SUP *Empiezo a correr hasta huir del combate
A11: *Cerrar ojos | E11: Suplementario | F11: Propio | G11: 0 CH | H11: D | I11: No | J11: *Cerrar ojos [0 CH]
A12: *Tapar oídos con las manos | E12: Suplementario | F12: Propio | G12: 0 CH | H12: D | I12: No | J12: *Tapar oídos con las manos [0CH]
A13: *Aguantar la respiración | E13: Suplementario | F13: Propio | G13: 0 CH | H13: D | I13: No | J13: *Aguantar la respiración [0CH]
A14: *Liberar | E14: Suplementario | F14: Propio | G14: 0 CH | H14: D | I14: No
A15: *Despertar | E15: Suplementario | F15: Propio | G15: 0 CH | H15: D | I15: No
A16: *Resistir | F16: Propio | G16: Variable | H16: D | I16: No
A17: *Saltar | E17: Suplementario | F17: Propio | G17: 0 CH | H17: D | I17: No
A18: *Levantarse | E18: Suplementario | F18: Propio | G18: 0 CH | H18: D | I18: No
A19: *Interponerse | E19: Suplementario | F19: Propio | G19: 0 CH | H19: D | I19: No
A20: *Irrumpir | E20: Suplementario | F20: Propio | G20: 0 CH | H20: D | I20: No
A21: *Llamada de Auxilio | E21: Suplementario | F21: Propio | G21: 0 CH | H21: D | I21: No
A22: *Compartir Detección | E22: Suplementario/Defensivo | F22: A6 sobre el usuario | G22: 0 CH | H22: D | I22: No
A23: *Autolesión | E23: Defensivo/Suplementario | F23: Propio | G23: 0 CH | H23: D | I23: No

Sheet TECNICAS GENERALES
A1: NOMBRE | B1: VALOR 1 | C1: VALOR 2 | D1: VALOR 3 | E1: TIPO | F1: ALCANCE | G1: COSTE CH | H1: RANGO | I1: SELLOS | J1: Nombre + roleo | K1: Efectos
A2: *Kawarimi no Jutsu | E2: Suplementario/Evasivo | F2: Propio | G2: 40 CH | H2: E | I2: No | J2: *Kawarimi no Jutsu [40CH] *Me remplazo por un tronco apareciendo algo más lejos | K2: / Evado 2 casillas sin consumo de velocidad / +1REF-PER / 1 uso por ronda
A3: *Shunshin no Jutsu | E3: Suplementario/Defensivo | F3: Propio | G3: Variable | H3: D | I3: No | J3: *Shunshin no Jutsu [CH] *Me muevo rápidamente desplazándome por el campo de batalla | K3: / Evado 2 casillas sin consumo de velocidad /2R / Evado 1 casilla sin consumo de velocidad / 2R / +3 casillas de desplazamiento / +1REF a la siguiente acción de contacto / 3R
A4: *Kinobori no Waza | E4: Suplementario | F4: Variable | G4: 1 CH | H4: D | I4: No | J4: *Kinobori no Waza [1 CH] *Mis pies se envuelven en chakra permitiéndome moverme por zonas poco comunes | K4: / Obtengo posición elevada / No consume acción
A5: *Suimen Hokou no Waza | E5: Suplementario | F5: Variable | G5: 1 CH | H5: D | I5: No | J5: *Suimen Hokou no Waza [1 CH] *Mis pies se envuelven en chakra permitiéndome moverme por zonas poco comunes | K5: / No consume acción
A6: *Genjutsu Kai | E6: Defensivo Suplementario Anulación | F6: Propio | G6: 10 CH | H6: E | I6: Sí | J6: *Genjtusu Kai [X CH] *Concentro chakra tratando de cancelar el Genjutsu

Sheet SHOUTON
A1: NOMBRE | B1: DAÑO | C1: DAÑO xA | D1: ADICIONAL | E1: TIPO | F1: CATEGORIA | G1: ALCANCE | H1: COSTE CH | I1: RANGO | J1: SELLOS | K1: Nombre + roleo | L1: Efectos
A2: Shouton, Suishou To | B2: 360 | E2: Ofensivo, Defensivo | F2: Ninjutsu | G2: Área 1 | H2: 1 CH | I2: D | J2: No | K2: *Shouton, Suishou To [1CH]*Formo una espada de cristal en mi brazo y le hago un corte. *Shouton, Suishou To[1CH]*Formo una espada de cristal en mi brazo y paro el golpe. | L2: / D / 1AL / -405 y hemorragia del 10% del daño durante 2 acc. / D / Defiendo 405
A3: Keshou no Yoroi | E3: Defensivo / Suplementario | F3: Ninjutsu | G3: Propio | H3: Variable | I3: C | J3: Sí | K3: *Keshou no Yoroi *Formo alrededor de mi cuerpo una armadura de cristal morado | L3: 25CH / B / Defensa interna / +1REF / -585 /Cubre todos los ángulos // 675 /35CH / B / Defensa interna / +1REF / Cubre todos los ángulos 25CH / B / Defensa interna / +2REF/ -585 / Cubre todos los ángulos / Una vez por combate. 35CH/B/ Sup / Def interna degradable /Reduce en 1 tecs tangibles/ 630 / -1VEL / Cubre todos los ángulos Se puede utilizar en ronda de preparación.
A4: Shouton, Sishou no Wa | E4: Suplementario / Defensivo | F4: Ninjutsu | G4: Variable | H4: Variabe | I4: C | J4: No | K4: *Shouton, Suishou no Wa *Formo una rueda de cristal a mi alrededor y me desplazo rapidamente | L4: 15CH / C / Supl / +4 casillas / +1REF a la siguiente acc de contacto / No consume accion /CD 3R 10CH / C / +3 casillas para evadir / +1REF/ CD3R / Una vez por combate. Requiere terreno mojado.
A5: Shouton, Kesshou Shuriken | B5: 630 | D5: -10% defensas int y ext hasta rango B | E5: Ofensivo / combo | F5: Ninjutsu | G5: Alcance 6 | H5: Variable | I5: C | J5: NO | K5: *Shouton, Kesshou Shuriken *Formo varios shuriken de cristal y los lanzo rápidamente *Shouton, Kesshou Senbon [30CH] *Formo varios senbon de cristal y los lanzo rápidamente *Shouton, Kesshou Senbon [50CH] *Formo varios senbon de cristal y los lanzo rápidamente | L5: / C /Al 6 / 2REF / -630,10% de Hemorr durante 3 acc /-10% def internas hasta rango B (Shuriken puede elegir otro obj) / C /Al 6 / 2REF / -630,10% de Hemorr durante 3 acc /-10% def int hasta rango B (Senbon inhabilita 1 extremidad durante 1 accion) / C / Combo / 50CH /Al 6 / 2REF / CD2R/ -562, 10% de hemorr durante 3acc/-10% def internas hasta rango B (Puedo elegir los objetivos) / C / Combo / 50CH /Al 6 / 2REF /CD2R/-562, 10% de hemorr durante 3acc/-10% def internas hasta rango B (Puedo elegir los objetivos) x2 Inhabilita 1 extremidad por 2 acciones si recibes daño (4,5 INT) x3 Inhabilita 1 extremidad por 2 acciones si recibes daño. (CD3R)
A6: Shouton, Rokkaku Shuriken | B6: 787 | C6: Reduce 15% de def internas y externas | E6: Ofensivo / contrataque | F6: Ninjutsu | G6: Frontal 3 x 5 | H6: 50CH | I6: B | J6: Sí | K6: *Shouton, Rokkaku Shuriken [50CH] *Formo una gran cantidad de shuriken que salen disparados hacia ti | L6: / B /Frontal 5x7 / -787 /15% de Hemorragia x 3 acciones / Red def 15% hastaB/ 3REF CD2R / / B /Frontal 5x7 / Contrataque/ -787 / CD3R / (CONTRATAQUE)
A7: Shouton, Suishou Hari | B7: 697 | C7: Paraliza e inmoviliza | E7: Ofensivo / Anticipación | F7: Ninjutsu | G7: Alcance 4, Área 1 sobre el objetivo | H7: 40CH | I7: C | J7: No | K7: *Shouton, Suishou Hari [40CH]*Afiladas agujas de cristal morado salen disparadas | L7: / C / 40CH/Alc 4 área 1 SO / Paraliza e inmoviliza 2 acc / 2REF y 3PER /CD2R (SIN DMG) / C / -697 /Alc 4 área 1 SO / Paraliza1acc e inmoviliza 2 acc / 2REF y 3PER / CD2R / C / -697 / Anticipación/Alc 4 área 1 SO / Paraliza1acc e inmoviliza 2 acc / 2REF y 3PER /CD3R (ANTICIPACIÓN)
A8: Shouton, Suishou ro no Jutsu | C8: Petrifica 2 acc | E8: Ofensivo | F8: Ninjutsu | G8: Alcance 4, Área 1 sobre el objetivo | H8: 45CH | I8: B | J8: No | K8: *Shouton, Suishou Ro no Jutsu [45CH] *Encierro al oponente en una prisión de cristal morado | L8: /B/45CH/ AL 4, Area 1 SO / Petrifica 2 acc /3 REF para reaccionar/CD2R 4 REF si está en casilla sobre el agua. -2 Shintai si muere con esta técnica. ANTICIPACIÓN
A9: Sishou Bunshin | E9: Suplementario / Anulacion | F9: Ninjutsu | G9: Propio | H9: 45CH | I9: B | J9: No | K9: *Suishou Bunshin *Aparece un clon de Rinshou, formado por cristal | L9: / B / 45CH/Suplementario / Creo un clon / B / 45CH/ Defensivo / Anulo los efectos de impacto / 3REF/+2 casillas extra para moverme/ CD3R
A10: Shouton, Hashou Koryuu | B10: 742 | E10: Suplementario / Ofensivo | F10: Ninjutsu | G10: Variable | H10: Variable | I10: B | J10: No | K10: *Shouton, Hashou Koryuu *Un dragon de cristal morado sale disparado hacia | L10: / B / 40CH / -697 / OF / AL5 Area 1 SO / CD2R / Aturde 1 acc / B / 50CH / -742 / OF / AL6 Area 2 SO / CD2R /Aturde 2 acc / requiere cubrir cielo y es persecutorio / B / 25CH/ SUPL / Posición voladora durante 5 acc y +3 casillas de despl. /CD2R (Una evasion con las casillas extra, puedo usarlo en preparacion)

Sheet Esp SHOUTON
A1: NOMBRE | B1: DAÑO | C1: DAÑO xA | D1: ADICIONAL | E1: TIPO | F1: CATEGORIA | G1: ALCANCE | H1: COSTE CH | I1: RANGO | J1: SELLOS | K1: Nombre + roleo | L1: Efectos
A2: SHOUTON: TOGE SEICHOU | B2: 720 | E2: Ofensivo | F2: Ninjutsu | G2: 6 | H2: 45 CH | I2: B | J2: Si | K2: *Shouton, Toge Seichou [45CH]*Formo cristales espinados que te persiguen | L2: / B / 6AL / -720 y hemorragia del 10% del daño durante 3 acc. / Persecutorio / Def 360 /3CD PUEDEN SER 2 OBJ / B / 7AL / -720 y hemorragia del 10% del daño durante 3 acc. / Persecutorio /Def 360 /3CD
A3: SHOUTON: KURISUTARU YARI | E3: Ofensivo | F3: Ninjutsu | G3: Área Frontal 3x6 | H3: 55 CH | I3: B | J3: Sí | K3: *Shouton, Kurisutaru Yari [55CH] *Formo una gran lanza de cristal morado y me lanzo hacia | L3: B / OF / Frontal 3x6 / -810y hemo -67 3acc/ Inhabilita 1 ext 3 acc / 4REF /3CD Efecto oculto: Reduce un 50/25 defensas internas B/A
A4: Shouton, Shuriken Ranbu | E4: Ofensivo | F4: Ninjutsu | G4: Area 7 sobre el usuario | H4: 60 CH | I4: B | J4: Si | K4: *Shouton, Shuriken Ranbu [60CH] *Formo una gran cantidad de shurikens a mi alrededor | L4: B/ OF / Area 7 SO / -832 y hemo de 15% durante 3 acc / Inhabilita 1 ext 3 acc / Cielo DEF / 3 REF Reduce def 20% ext y 10% internas Posición elevada al realizar la técnica
A5: Shouton, Omiwatari no jutsu | B5: 630 | E5: Ofensivo | F5: Ninjutsu | G5: Frontal 7x8 | H5: 65 CH | I5: B | J5: SI | K5: *Shouton, Omiwatari no Jutsu [65CH] *Grandes cristales afilados surgen desde la superficie | L5: / B /Frontal 7x8 / 3REF y 3PER / -877 y 15% de Hemorr durante 3 acc /-20%/10% def rango B/A / 3CD Terreno destruido Si te desplazas, sufres daño hasta el final de mi próximo turno de -45. -2 SHINTAIS TERRENO MOJADO / INUNDADO (UN USO POR COMBATE) / B /Frontal 7x8 / 4REF y 3PER / -877 y 15% de Hemorr durante 3 acc /-20%/10% def rango B/A / 3CD Terreno destruido Si te desplazas, sufres daño hasta el final de mi próximo turno de -45. - 2 SHINTAIS
A6: Shouton, Hishin no Yari | C6: Paraliza e inmoviliza | E6: Ofensivo / DEF | F6: Ninjutsu | G6: Variable | H6: 75 CH | I6: A | J6: Si | K6: *Shouton, Hishin no Yari [75CH]*Formo un prisma cristal morado que me rodea *Shouton, Hishin no Yari *Senkou [30CH]*Formo un rayo a través del prisma, que sale disparado a | L6: / A / DEF externa / Area 1 SO / 900 / DEF todos los angulos (NO CONSUME TURNO SI LA HAGO EN TURNO PROPIO) / A /Alc 13 área 1 SO / -967 / Aturde 1 acc / Atraviesa def B/ -25% def A / 4 REF / 1 vez por combate (No consume acc) / A /Alc 13 área 1 SO / -1237 / Aturde 1 acc / Atraviesa def B/ -25% def A / 4 REF / 1 vez por combate (Consume 2 acc) +30CH

Sheet Shouton LIM
A1: NOMBRE | B1: DAÑO | C1: DAÑO xA | D1: ADICIONAL | E1: TIPO | F1: CATEGORIA | G1: ALCANCE | H1: COSTE CH | I1: RANGO | J1: SELLOS | K1: Nombre + roleo | L1: Efectos
A2: SHOUTON KESSHOU GOKAKUROU | E2: Ofensivo | F2: Ninjutsu | G2: Variable | H2: 60 CH | I2: B | J2: No | K2: *Shouton, Kessho Gokakurou [60CH]*Formo distintos cristales a mi alrededor, encerrando dentro a | L2: / B / A 6 SO / DEF 360 y suelo / Petrificacion y aprisionamiento 3 acc / 3 REF / CD 4 / B / AL 5 y 3SO / DEF 360 y suelo / Petrificacion y aprisionamiento 3 acc / 3 REF / CD 4 / B / A 6 SO / DEF 360 y suelo / Petrificacion y aprisionamiento 3 acc / 4 REF / CD 4 (Humedo / inundado) / B / AL 5 y 3SO / DEF 360 y suelo / Petrificacion y aprisionamiento 3 acc / 4 REF / CD 4 (Humedo / inundado)
A3: SHOUTON KYOUDAI ROKKAKU SHURIKEN | E3: Ofensivo | F3: Ninjutsu | G3: Alcance 8 área 1 sobre objetivo | H3: 55 CH | I3: B | J3: Sí | K3: *Shouton Kyoudai Rokkaku Shuriken [55CH] *Formo una gran shuriken de cristal y lo lanzo | L3: B / OF / AL 8 1 SO / -832 y hemo del 15% 3 acc / Red def 15% hasta rango A / 4REF /4CD B / OF / AL 8 2 SO / -832 y hemo del 15% 3 acc / Red def 15% hasta rango A / 4REF /4CD Alcance 7 o superior POR 40 de CH más puede lanzar el mismo atq otra vez. Pero de 3 REF.
A4: SHOUTON KURISUTARU KOMAMU - | E4: Ofensivo / Combo | F4: Ninjutsu | G4: Alcance 6, Área 1 sobre el objetivo | H4: Variable | I4: B | J4: Si | K4: *Shouton, Shuriken Ranbu [50CH] *Pilares de cristal caen del cielo impactando en *Shouton, Shuriken Ranbu [45CH] *Pilares de cristal caen del cielo impactando en (Combo) | L4: B/ OF / AL 6 SO 1 / -787 e inmoviliza 2 acc / def cielo / CD 2 B/ OF / AL 6 SO 1 / Combo / -585 cada golpe e inmoviliza 1 acc cada golpe x 2 / Def cielo / CD2 (se puede hacer lo mismo x 3)

Sheet N.E SUITON
A1: NOMBRE | B1: DAÑO/DEF | C1: VALOR 2 | D1: VALOR 3 | E1: TIPO | F1: CATEGORIA | G1: ALCANCE | H1: COSTE CH | I1: RANGO | J1: SELLOS | K1: Nombre + roleo | L1: Efectos
A2: Suiton Mizurappa | B2: =FLOOR(SUM(((#REF!)*100 * 1.35)),1) -> #REF! | C2: Empuja 2 casillas hacia atras | D2: Terreno Humedo 2 acciones | E2: Ofensivo/Contraataque | F2: Ninjutsu | G2: Cónico 3 | H2: 35CH | I2: C | J2: Sí | K2: *Suiton Mizurappa [35CH] *Expulso un potente chorro de agua de alta presión. | L2: / C / Cónico 4 / -607, empuja 2 casillas hacia atras y Terreno Húmedo por 2 acciones / C / Contraataque / Cónico 4 / CD: 3Rs / -607, empuja 2 casillas hacia atras y Terreno Húmedo por 2 acciones
A3: Suiton Suireiha | B3: =FLOOR(SUM(((#REF!)*100 * 1.05)),1) -> #REF! | C3: Aturde 1 accion | D3: 2 ataques 2 acciones | E3: Combo | F3: Ninjutsu | G3: Alcance 5 | H3: 45CH | I3: C | J3: No | K3: *Suiton Suireiha [45CH] *Le apunto con el dedo indice y disparo una bola de agua | L3: / C / Combo / Alcance 5 / CD: 2Rs / 1er ataque a 3 REF / -517 y aturde 1 accion *2 / C / Combo / Alcance 5 / CD: 2Rs / 1er ataque a 3 REF / -517y aturde 1 accion *3 (una vez por combate)
A4: Suiton Suijinheki | B4: =FLOOR(SUM(((#REF!)*100 * 1.7)),1) -> #REF! | C4: Empuja 2 casillas | D4: Terreno Inundado +15CH NIN * 1,95 | E4: Defensivo | F4: Ninjutsu | G4: Área 1 sobre el usuario | H4: 50CH | I4: B | J4: Sí | K4: *Suiton Suijinheki [50CH] *Creo un muro de agua que me cubre todos los angulos | L4: / B / Área 1 sobre usuario / Cubre 360 y cielo. / 720 (Terreno Inundado permite invertir 15CH para defender NIN * 1,95) (Cubre todos los angulos menos suelo)
A5: Suiton Suiryuudan no Jutsu | B5: =FLOOR(SUM(((#REF!)*100 * 1.75)),1) -> #REF! | D5: Aturde 1A | E5: Ofensivo/Contraataque | F5: Ninjutsu | G5: Alcance 7 y Área 1 sobre el objetivo. | H5: 55CH | I5: B | J5: Sí | K5: *Suiton Suiryuudan no Jutsu [55CH] *Formo 2 dragones gigantes de agua | L5: / B / Alcance 7 y Área 1 S.O / 55CH / -742 en área 1 sobre el objetivo y te aturde 1 acción / B / Alcance 7 y Área 2 S.O / 60CH / -742 en área 1 sobre el objetivo y te aturde 1 acción / B / Contraataque / Alcance 7 y Área 1 S.O / 55CH / CD: 3Rs / -742 en área 1 sobre el objetivo y te aturde 1 acción (Se puede utilizar como Contraataque con 1 uso cada 3 rondas.) (Puede añadir +10 de Chakra para que el área de impacto pase de área 1 a área 2 sobre el objetivo.) (Además quitará -1 Shintai adicional si el oponente cae con esta habilidad.)
A6: Suiton Mizuarare | B6: 697 | C6: =FLOOR(SUM((('N.E SUITON'!B6)*0.1)),1) -> 69 | D6: Aturde 1A -10% a defensas Int/Ext hasta rango B | E6: Ofensivo/Contraataque | F6: Ninjutsu | G6: Alcance 6 | H6: 45CH | I6: B | J6: No | K6: *Suiton Mizuarare [50CH] *Junto las palmas de la mano y disparo cientos de balas de agua | L6: / B / Alcance 8 / 2REF / -697, 10% de Hemorragia por 2 acciones, aturdido 1 accion y -10% todas las defensas ext/int hasta Rango B / B / Alcance 8 / Contraataque / CD: 3Rs / -6970,10% de Hemorragia por 2 acciones, aturdido 1 accion y -10% todas las defensas ext/int hasta Rango B - Se puede utilizar como Contraataque con 1 uso cada 3 rondas.

Sheet N.E DOTON
A1: NOMBRE | B1: DAÑO | C1: DAÑO xA | D1: ADICIONAL | E1: TIPO | F1: CATEGORIA | G1: ALCANCE | H1: COSTE CH | I1: RANGO | J1: SELLOS | K1: Nombre + roleo | L1: Efectos
A2: Doton Doroku Gaeishi | B2: =FLOOR(SUM(((#REF!)*100 * 1.5)),1) -> #REF! | E2: Defensa | F2: Ninjutsu | G2: Propio | H2: 35CH | I2: C | J2: Sí | K2: *Doton Doroku Gaeshi [35CH] *Golpeo el suelo y alzo una pared de piedra | L2: / C / Propio / DEF externa de 675
A3: Doton Dorojigoku | B3: Inmoviliza 2 acciones | C3: Campo Lodoso inmoviliza 3 acciones | D3: 2 PER y 2 REF | E3: Ofensivo | F3: Ninjutsu | G3: Área 1 sobre el objetivo Alcance 3 | H3: 35CH | I3: C | J3: Sí | K3: *Doton Dorojigoku [35CH] *La tierra de tu alrededor te aprisiona | L3: / C / Área 1 S.O y Alcance 3 / 35CH / 2PER y 2REF / Inmoviliza por 2 acciones (PUEDO ELEGIR 2 OBJ) Si el terreno se encuentra en Campo Lodoso, la inmovilización pasa a ser de 3 acciones y en alcance área 2 sobre el objetivo.
A4: Doton Tobi Tsubute | B4: =FLOOR(SUM(((#REF!)*100 * 1.05)),1) -> #REF! | C4: Aturde 1 accion | D4: 2 ataques 2 acciones | E4: Combo | F4: Ninjutsu | G4: Alcance 8 | H4: 45CH | I4: C | J4: Sí | K4: *Doton Tobi Tsubute [45CH] *Coloco las manos en el suelo y cientos de rocas salen disparadas hacia ti | L4: / C / Combo / Alcance 8 / 45CH / CD: 2Rs / -517 y Aturde 1 accion *2 Puedo utilizar un tercer combo una vez por combate.
A5: Doton Ganchuusou | B5: =FLOOR(SUM(((#REF!)*100 * 1.4)),1) -> #REF! | C5: =FLOOR(SUM((('N.E DOTON'!B5)*0.1)),1) -> #REF! | D5: -15% a defensas Int hasta rango B | E5: Ofensivo | F5: Ninjutsu | G5: Alcance 5, área 1 SO | H5: 50CH | I5: C | J5: Sí | K5: *Doton Ganchuusou [50CH] *Pilares de roca gigantes salen del suelo y te impactan | L5: / C / Alcance 5 / 3PER y 2REF / CD: 2Rs / Requiere defender suelo / -720 Hemorragia de -15% por 2 acciones y reduce 10% las defensas internas hasta rango B
A6: Doton Sazareishi | B6: Paraliza 2 acciones Inmoviliza 3 acciones | C6: 2 REF | E6: Ofensivo | F6: Ninjutsu | G6: Alcance 3 | H6: 40CH | I6: C | J6: Sí | K6: *Doton Sazareishi [45CH] *La tierra de tu alrededor se condensa atrapandote | L6: / C / Alcance 3 Area 1 SO / 45CH / 2PER y 2 REF / CD: 2Rs / Te paralizo 2 acciones e inmovilizo por 3 acciones
A7: Doton Tsuchi Nami no Jutsu | B7: Empuja 2 casillas y derriba | E7: Ofensivo / Anticipación | F7: Ninjutsu | G7: Área 1 sobre el usuario | H7: 30CH | I7: C | J7: Sí | K7: *Doton Tsuchi Nami no Jutsu [30CH] *Toco el suelo y este comienza a moverse formando ondas | L7: / C / Área 2 S.O / Te empuja 2 casillas y derriba si no posees mas de 4.5FUE / C / Anticipacion / Área 2 S.O / CD: 3Rs / Te empuja 1 casilla y derriba si no posees mas de 4.5FUE (ANTICIPACIÓN)
A8: Doton Doryuuheki | B8: =FLOOR(SUM(((#REF!)*100 * 1.8)),1) -> #REF! | C8: 10CH (877) | E8: Defensivo / Suplementario | F8: Ninjutsu | G8: Área Frontal 5x1 | H8: 55CH | I8: B | J8: Sí | K8: *Doton Doryuuheki [55CH] *Se alza un muro enorme de tierra que me protege *Doton Doryuuheki [65CH] *Se alza un muro enorme de tierra que me protege | L8: / B / Área 5x1 al frente del usuario /55CH / 810 DEF externa y permanece 2 acciones en el campo / B / Área 5x1 al frente del usuario / 65CH / 877 DEF externa y permanece 2 acciones en el campo

Sheet N.E RAITON
A1: NOMBRE | B1: DAÑO | C1: DAÑO xA | D1: ADICIONAL | E1: TIPO | F1: CATEGORIA | G1: ALCANCE | H1: COSTE CH | I1: RANGO | J1: SELLOS | K1: Nombre + roleo | L1: Efectos
A2: Raiton Ikazuchi Unagi | B2: =FLOOR(SUM(((#REF!)*100 * 1.4)),1) -> #REF! | C2: Paraliza 1 accion | E2: Ofensivo | F2: Ninjutsu | G2: Área 1 sobre el usuario | H2: 35CH | I2: C | J2: Sí | K2: *Raiton Ikazuchi Unagi [35CH] *Genero una descarga eléctrica a mi alrededor | L2: / C / Área 1 S.U / 2REF / -652 y paraliza 1 accion / C / Contraataque / Área 1 sobre el usuario / 2REF / CD: 3Rs / -652 y paraliza 1 accion (se puede utilizar a ALC 1) / C / Área 2 S.U / 2REF / -652 y paraliza 1 accion (Terreno humedo)
A3: Raikyuu | B3: 495 | C3: Paraliza 1 accion -10% Defensas Hasta rango B | D3: 2 ataques. 2 acciones | E3: Combo | F3: Ninjutsu | G3: Alcance 4 | H3: 45CH | I3: C | J3: Sí | K3: *Raikyuu [45CH] *Genero una bola electrica que impacta en el enemigo | L3: / C / Combo / Alcance 4 / 3REF / CD: 2Rs / -517 paraliza 1 accion y -10% a las defensas hasta Rango B * 2
A4: Raiton Raihazan | B4: =FLOOR(SUM(((#REF!)*100 * 1.3)),1) -> #REF! | C4: Paraliza 1 accion | E4: Ofensiva / Anticipacion | F4: Ninjutsu | G4: Alcance 3 | H4: 40CH | I4: C | J4: No | K4: *Raiton Raihazan [40CH] *Libera una onda en forma de X de chakra de eléctrico | L4: / C / Anticipación / Alcance 3 / 3REF / CD: 3Rs / -675 y paraliza 1 accion/ (ANTICIPACION) / C / OF / Alcance 3 / 3REF / CD: 3Rs / -675 y paraliza 1 accion
A5: Raiton Jibashi | B5: =FLOOR(SUM(((#REF!)*100 * 1.55)),1) -> #REF! | C5: Paraliza 2 acciones | D5: -20% defensas int hasta rango B | E5: Ofensivo | F5: Ninjutsu | G5: Alcance 4 | H5: 45CH | I5: C | J5: Sí | K5: *Raiton Jibashi [45CH] *Una gran descarga electrica surge de mis manos impactando en el enemigo | L5: / C / Alcance 4 y Área 1 S.O / -720, paralizado 2 acciones y -20% a defensas internas hasta rango B
A6: Raiton Ikazuchi no Utage | B6: =FLOOR(SUM(((#REF!)*100 * 1.65)),1) -> #REF! | C6: Paraliza 2 acciones | D6: -1 Shintai adicional | E6: Ofensivo | F6: Ninjutsu | G6: Lineal 6 | H6: 55CH | I6: B | J6: Sí | K6: *Raiton Ikazuchi no Utage [55CH] *Varios rayos salen de mi mano hacia el objetivo | L6: / B / Alcance 6 y Área 1 S.O / 2REF / -742 y paraliza 2 acciones / B / Alcance 6 y Área 1 S.O / 3REF / CD: 3Rs / -742 y paraliza 2 acciones - Si el oponente cae con esta habilidad, perderá -1 Shintai adicional. - Si el objetivo se encuentra en terreno mojado o inundado, entonces el alcance de la habilidad pasa a ser Alcance 6, Área 1 sobre el objetivo.

Sheet IRYOU NIN
A1: NOMBRE | B1: VALOR 1 | C1: VALOR 2 | D1: VALOR 3 | E1: TIPO | F1: ALCANCE | G1: COSTE CH | H1: RANGO | I1: SELLOS | J1: Nombre + roleo | K1: Efectos
A2: Habilidades Pasivas:
A3: Shousen no Jutsu | E3: Suplementario | F3: Propio Alcance 1 | G3: 35 CH | H3: A | I3: No | J3: *Shousen no Jutsu [35 CH] *Chakra verdoso curativo emana de mis manos *Shousen no Jutsu [55 CH] *Chakra verdoso curativo emana de mis manos *Shousen no Jutsu [60 CH] *Chakra verdoso curativo emana de mis manos | K3: / A / Propio - Alcance 1 / Curo +675 de VIT, estados alterados e inhabilitacion de extremidades / A / Propio - Alcance 1 / Curo +750 de VIT, estados alterados e inhabilitacion de extremidades / A / Propio - Alcance 1 / NCA / Curo +450 de VIT, estados alterados e inhabilitacion de extremidades
A4: Chikatsu Saisei no Jutsu | E4: Suplementario | F4: Propio Alcance 1 | G4: 60 CH | H4: A | I4: Sí | J4: *Chikatsu Saisei no Jutsu [60 CH] *Conentro una gran cantidad de chrakra curativo en mis palmas | K4: / A / Propio - Alcance 1 /
A5: Saibou Kassei no Jutsu
A6: Saikan Chuushutsu no Jutsu | E6: Suplementario | F6: Propio Alcance 1 | G6: 20 CH | H6: B | I6: No | J6: *Saikan Chuushutsu no Jutsu [20 CH] *Chakra curativo me rodea las manos extrayendo el veneno | K6: / B / Propio - Alcance 1 / Extraigo el veneno / B / Propio - Alcance 1 / Un uso por combate / Extraigo el veneno

Sheet N.E KATON
A1: NOMBRE | B1: DAÑO | C1: DAÑO xA | D1: ADICIONAL | E1: TIPO | F1: CATEGORIA | G1: ALCANCE | H1: COSTE CH | I1: RANGO | J1: SELLOS | K1: Nombre + roleo | L1: Efectos
A2: Katon Endan | B2: =FLOOR(SUM(((#REF!)*100 * 1.6)),1) -> #REF! | C2: =FLOOR(SUM((('N.E KATON'!B2)*0.1)),1) -> #REF! | E2: Ofensivo/Contraataque | F2: Ninjutsu | G2: Cónico 4 | H2: 40CH | I2: C | J2: Sí | K2: *Katon Endan [40CH] *Escupo una gran bola de fuego hacia el enemigo | L2: / C / Cónico 4 / -800 y quemadura del 10% por 3 acciones / C / Contraataque / Cónico 4 / CD: 3Rs / -800 y quemadura del 10% por 3 acciones
A3: Katon Homuranagase | B3: =FLOOR(SUM(((#REF!)*100 * 1.15)),1) -> #REF! | C3: =FLOOR(SUM((('N.E KATON'!B3)*0.1)),1) -> #REF! | D3: 2 ataques. 2A's | E3: Combo | F3: Ninjutsu | G3: Alcance 4 | H3: 40CH | I3: C | J3: Sí | K3: *Katon Homuranagase [40CH] *Expulso de mi boca una gran cantidad de bolas de fuego | L3: / C / Alcance 4 / CD: 2Rs / 2 REF / -575 y quemadura del 10% por 3 acciones *2
A4: Katon Kaen Senpuu | B4: =FLOOR(SUM(((#REF!)*100 * 1.55)),1) -> #REF! | C4: =FLOOR(SUM((('N.E KATON'!B4)*0.1)),1) -> #REF! | E4: Ofensivo/Contraataque | F4: Ninjutsu | G4: Área 1 sobre el usuario | H4: 45CH | I4: B | J4: Sí | K4: *Katon Kaen Senpuu [45CH] *Me rodeo de una espiral de fuego que incinerando todo a su paso | L4: / B / Área 1 sobre usuario / 2 REF / -775 y una quemadura de -77.5 por 2 acciones (Contraataque 1 uso cada 3Rs) (+5CH aumenta a Área 2 sobre el usuario) (+1 REF para contraataque 1 uso por combate)
A5: Katon Enshoudan | B5: =FLOOR(SUM(((#REF!)*100 * 1.65)),1) -> #REF! | C5: =FLOOR(SUM((('N.E KATON'!B5)*0.1)),1) -> #REF! | D5: Aturde 1A | E5: Ofensivo | F5: Ninjutsu | G5: Alcance 5 y Área 1 sobre el objetivo. | H5: 50CH | I5: B | J5: Sí | K5: *Katon Enshoudan [50CH] *Expulso una pequeña bola de fuego que explota al impactar. | L5: / B / Alcance 5 y Área 1 S.O / 2 REF / -825, quemadura de 10% por 3 acciones, -10% a las defensas hasta rango B, aturde 1 acción y destruye el terreno por 2 acciones / B / Alcance 6 y Área 1 S.O / 3 REF / CD: 3Rs / -825, quemadura de 10% por 3 acciones, -10% a las defensas hasta rango B, aturde 1 acción y destruye el terreno por 2 acciones
A6: Katon Karyuudan | B6: =FLOOR(SUM(((#REF!)*100 * 1.75)),1) -> #REF! | C6: =FLOOR(SUM((('N.E KATON'!B6)*0.1)),1) -> #REF! | D6: -1 Shintai adicional | E6: Ofensivo | F6: Ninjutsu | G6: Lineal 6 | H6: 55CH | I6: B | J6: Sí | K6: *Katon Karyuudan [55CH] *Expulso una ola de fuego con forma de dragón | L6: / B / Lineal 6 / -875 y una quemadura de -131.25 por 3 acciones - Es posible invertir +5 CH para que afecte en Lineal 3x6. - Produce una pérdida de -1 Shintai adicional.

Sheet N.E FUUTON
A1: NOMBRE | B1: DAÑO | C1: DAÑO xA | D1: ADICIONAL | E1: TIPO | F1: CATEGORIA | G1: ALCANCE | H1: COSTE CH | I1: RANGO | J1: SELLOS | K1: Nombre + roleo | L1: Efectos
A2: Fuuton Toppa | B2: =FLOOR(SUM(((#REF!)*100 * 1.3)),1) -> #REF! | E2: Ofensivo/Anticipacion | F2: Ninjutsu | G2: Alcance 4 | H2: 30CH | I2: D | J2: Sí | K2: *Fuuton Toppa [30CH] *Genero una gran ola de viento | L2: / D / Alcance 4 / -650 / D / Anticipación / Alcance 4 / 1 uso por combate / -650
A3: Fuuton Daitoppa | B3: =FLOOR(SUM(((#REF!)*100 * 1.35)),1) -> #REF! | C3: Empuja 3 casillas Derriba -4.5FUE | E3: Ofensivo/Contraataque | F3: Ninjutsu | G3: Cónico 5 | H3: 40CH | I3: C | J3: Sí | K3: *Fuuton Daitoppa [40CH] *Lanzo una rafaga de viento hacia los enemigos destrozando todo a su paso | L3: / C / Cónico 5 / -675, empuja 3 casillas hacia atras, derriba si tienes menos de 4.5FUE / Genera Turbulencias en el area afectada por 2 acciones, disipando humos y nieblas hasta rango B / C / Contraataque / Cónico 5 / CD: 3Rs / -675, empuja 3 casillas hacia atras, derriba si tienes menos de 4.5FUE / Genera Turbulencias en el area afectada por 2 acciones, disipando humos y nieblas hasta rango B
A4: Fuuton Reppuushou | B4: =FLOOR(SUM(((#REF!)*100 * 1.25)),1) -> #REF! | C4: Empuja 2 casillas | E4: Ofensivo/Suplementario | F4: Ninjutsu | G4: Alcance 5 | H4: 30H | I4: C | J4: Sí | K4: *Fuuton Reppuushou [30CH] *Choco mis palmas y suelto una ola de aire comprimido | L4: C / Alcance 5 / 2REF / -625, empuja 2 casillas y provoca derriba si no se posee 4.5FUE
A5: Fuujinheki | B5: =FLOOR(SUM(((#REF!)*100 * 1.4)),1) -> #REF! | C5: Empuja 1 casilla | E5: Defensivo | F5: Ninjutsu | G5: Propio | H5: 40CH | I5: C | J5: Sí | K5: *Fuujinheki [40CH] *Genero un remolino a mi alrededor que me defiende | L5: / C / Propio / DEF de 700 en área 3x1 al frente del usuario y empuja 1 casilla - Es posible consumir +15 CH para aumentar la defensa a NIN * 1,8.
A6: Fuuton Kaiten Shuriken | B6: =FLOOR(SUM(((#REF!)*100 * 1.05)),1) -> #REF! | C6: =FLOOR(SUM((('N.E FUUTON'!B6)*0.05)),1) -> #REF! | E6: Combo | F6: Ninjutsu | G6: Alcance 7 | H6: 45CH | I6: B | J6: Sí | K6: *Fuuton Kaiten Shuriken [45CH] *Lanzo shurikens potenciados con fuuton y aumentan su velocidad | L6: / B / Combo / Alcance 7 / 3REF 1er ataque / CD: 2Rs / -525, -26.25 de hemorragia x 2 acciones y -10% a las defensas externas/internas que sean sólidas hasta Rango B * 2 / B / Combo / Alcance 7 / 3REF 1er ataque / CD: 3Rs / -525, -26.25 de hemorragia x 2 acciones y -10% a las defensas externas/internas que sean sólidas hasta Rango B * 3
A7: Fuuton Kuudan | B7: =FLOOR(SUM(((#REF!)*100 * 1.65)),1) -> #REF! | C7: =FLOOR(SUM((('N.E FUUTON'!B7)*0.1)),1) -> #REF! | D7: Derriba -4.5FUE -10% defensas hasta rango B | E7: Ofensivo | F7: Ninjutsu | G7: Área Frontal 3x4 | H7: 55CH | I7: B | J7: Sí | K7: *Fuuton Kuudan [55CH] *Disparo múltiples balas de aire a gran velocidad contra el oponente | L7: / B / Área Frontal 3x4 / 2REF / -825, hemorragia de -82.5 por 3 acciones, derriba si tienes menos de 4.5FUE y -10% la defensas hasta de Rango B
